date_key,order_date,year,month,month_name,quarter
1,2015-01-09,2015,1,January,1
2,2015-01-11,2015,1,January,1
3,2015-01-04,2015,1,January,1
4,2015-01-13,2015,1,January,1
5,2015-01-10,2015,1,January,1
6,2015-01-16,2015,1,January,1
7,2015-01-20,2015,1,January,1
8,2015-01-05,2015,1,January,1
9,2015-01-15,2015,1,January,1
10,2015-01-26,2015,1,January,1
11,2015-01-28,2015,1,January,1
12,2015-01-31,2015,1,January,1
13,2015-01-27,2015,1,January,1
14,2015-01-06,2015,1,January,1
15,2015-01-18,2015,1,January,1
16,2015-01-19,2015,1,January,1
17,2015-01-30,2015,1,January,1
18,2015-01-14,2015,1,January,1
19,2015-01-07,2015,1,January,1
20,2015-01-03,2015,1,January,1
21,2015-01-23,2015,1,January,1
22,2015-02-12,2015,2,February,1
23,2015-02-01,2015,2,February,1
24,2015-02-07,2015,2,February,1
25,2015-02-16,2015,2,February,1
26,2015-02-03,2015,2,February,1
27,2015-02-04,2015,2,February,1
28,2015-02-02,2015,2,February,1
29,2015-02-06,2015,2,February,1
30,2015-02-21,2015,2,February,1
31,2015-02-20,2015,2,February,1
32,2015-02-14,2015,2,February,1
33,2015-02-24,2015,2,February,1
34,2015-02-11,2015,2,February,1
35,2015-02-18,2015,2,February,1
36,2015-02-23,2015,2,February,1
37,2015-02-15,2015,2,February,1
38,2015-02-22,2015,2,February,1
39,2015-02-08,2015,2,February,1
40,2015-02-27,2015,2,February,1
41,2015-02-17,2015,2,February,1
42,2015-03-01,2015,3,March,1
43,2015-03-21,2015,3,March,1
44,2015-03-03,2015,3,March,1
45,2015-03-15,2015,3,March,1
46,2015-03-10,2015,3,March,1
47,2015-03-17,2015,3,March,1
48,2015-03-11,2015,3,March,1
49,2015-03-04,2015,3,March,1
50,2015-03-22,2015,3,March,1
51,2015-03-14,2015,3,March,1
52,2015-03-31,2015,3,March,1
53,2015-03-25,2015,3,March,1
54,2015-03-18,2015,3,March,1
55,2015-03-30,2015,3,March,1
56,2015-03-16,2015,3,March,1
57,2015-03-23,2015,3,March,1
58,2015-03-26,2015,3,March,1
59,2015-03-24,2015,3,March,1
60,2015-03-07,2015,3,March,1
61,2015-03-02,2015,3,March,1
62,2015-03-19,2015,3,March,1
63,2015-03-29,2015,3,March,1
64,2015-03-28,2015,3,March,1
65,2015-03-05,2015,3,March,1
66,2015-04-13,2015,4,April,2
67,2015-04-16,2015,4,April,2
68,2015-04-05,2015,4,April,2
69,2015-04-06,2015,4,April,2
70,2015-04-29,2015,4,April,2
71,2015-04-21,2015,4,April,2
72,2015-04-01,2015,4,April,2
73,2015-04-23,2015,4,April,2
74,2015-04-04,2015,4,April,2
75,2015-04-25,2015,4,April,2
76,2015-04-28,2015,4,April,2
77,2015-04-26,2015,4,April,2
78,2015-04-12,2015,4,April,2
79,2015-04-07,2015,4,April,2
80,2015-04-18,2015,4,April,2
81,2015-04-11,2015,4,April,2
82,2015-04-08,2015,4,April,2
83,2015-04-19,2015,4,April,2
84,2015-04-30,2015,4,April,2
85,2015-04-20,2015,4,April,2
86,2015-04-02,2015,4,April,2
87,2015-04-22,2015,4,April,2
88,2015-04-15,2015,4,April,2
89,2015-05-13,2015,5,May,2
90,2015-05-11,2015,5,May,2
91,2015-05-23,2015,5,May,2
92,2015-05-27,2015,5,May,2
93,2015-05-14,2015,5,May,2
94,2015-05-09,2015,5,May,2
95,2015-05-21,2015,5,May,2
96,2015-05-04,2015,5,May,2
97,2015-05-06,2015,5,May,2
98,2015-05-03,2015,5,May,2
99,2015-05-26,2015,5,May,2
100,2015-05-12,2015,5,May,2
101,2015-05-25,2015,5,May,2
102,2015-05-18,2015,5,May,2
103,2015-05-20,2015,5,May,2
104,2015-05-24,2015,5,May,2
105,2015-05-17,2015,5,May,2
106,2015-05-22,2015,5,May,2
107,2015-05-19,2015,5,May,2
108,2015-05-05,2015,5,May,2
109,2015-05-30,2015,5,May,2
110,2015-05-10,2015,5,May,2
111,2015-05-28,2015,5,May,2
112,2015-05-02,2015,5,May,2
113,2015-05-07,2015,5,May,2
114,2015-05-16,2015,5,May,2
115,2015-05-31,2015,5,May,2
116,2015-05-08,2015,5,May,2
117,2015-06-09,2015,6,June,2
118,2015-06-01,2015,6,June,2
119,2015-06-07,2015,6,June,2
120,2015-06-22,2015,6,June,2
121,2015-06-21,2015,6,June,2
122,2015-06-02,2015,6,June,2
123,2015-06-29,2015,6,June,2
124,2015-06-28,2015,6,June,2
125,2015-06-15,2015,6,June,2
126,2015-06-25,2015,6,June,2
127,2015-06-30,2015,6,June,2
128,2015-06-03,2015,6,June,2
129,2015-06-06,2015,6,June,2
130,2015-06-13,2015,6,June,2
131,2015-06-04,2015,6,June,2
132,2015-06-23,2015,6,June,2
133,2015-06-27,2015,6,June,2
134,2015-06-16,2015,6,June,2
135,2015-06-08,2015,6,June,2
136,2015-06-20,2015,6,June,2
137,2015-06-14,2015,6,June,2
138,2015-06-17,2015,6,June,2
139,2015-06-24,2015,6,June,2
140,2015-06-10,2015,6,June,2
141,2015-06-18,2015,6,June,2
142,2015-07-12,2015,7,July,3
143,2015-07-23,2015,7,July,3
144,2015-07-22,2015,7,July,3
145,2015-07-05,2015,7,July,3
146,2015-07-01,2015,7,July,3
147,2015-07-11,2015,7,July,3
148,2015-07-06,2015,7,July,3
149,2015-07-21,2015,7,July,3
150,2015-07-18,2015,7,July,3
151,2015-07-14,2015,7,July,3
152,2015-07-26,2015,7,July,3
153,2015-07-25,2015,7,July,3
154,2015-07-02,2015,7,July,3
155,2015-07-20,2015,7,July,3
156,2015-07-15,2015,7,July,3
157,2015-07-19,2015,7,July,3
158,2015-07-09,2015,7,July,3
159,2015-07-27,2015,7,July,3
160,2015-07-07,2015,7,July,3
161,2015-07-13,2015,7,July,3
162,2015-07-08,2015,7,July,3
163,2015-07-30,2015,7,July,3
164,2015-07-28,2015,7,July,3
165,2015-07-04,2015,7,July,3
166,2015-08-27,2015,8,August,3
167,2015-08-25,2015,8,August,3
168,2015-08-05,2015,8,August,3
169,2015-08-26,2015,8,August,3
170,2015-08-03,2015,8,August,3
171,2015-08-09,2015,8,August,3
172,2015-08-08,2015,8,August,3
173,2015-08-11,2015,8,August,3
174,2015-08-04,2015,8,August,3
175,2015-08-29,2015,8,August,3
176,2015-08-16,2015,8,August,3
177,2015-08-01,2015,8,August,3
178,2015-08-17,2015,8,August,3
179,2015-08-23,2015,8,August,3
180,2015-08-19,2015,8,August,3
181,2015-08-24,2015,8,August,3
182,2015-08-15,2015,8,August,3
183,2015-08-31,2015,8,August,3
184,2015-08-06,2015,8,August,3
185,2015-08-22,2015,8,August,3
186,2015-08-20,2015,8,August,3
187,2015-08-02,2015,8,August,3
188,2015-08-12,2015,8,August,3
189,2015-08-30,2015,8,August,3
190,2015-09-20,2015,9,September,3
191,2015-09-08,2015,9,September,3
192,2015-09-14,2015,9,September,3
193,2015-09-13,2015,9,September,3
194,2015-09-19,2015,9,September,3
195,2015-09-27,2015,9,September,3
196,2015-09-24,2015,9,September,3
197,2015-09-21,2015,9,September,3
198,2015-09-12,2015,9,September,3
199,2015-09-17,2015,9,September,3
200,2015-09-09,2015,9,September,3
201,2015-09-22,2015,9,September,3
202,2015-09-29,2015,9,September,3
203,2015-09-01,2015,9,September,3
204,2015-09-28,2015,9,September,3
205,2015-09-26,2015,9,September,3
206,2015-09-07,2015,9,September,3
207,2015-09-30,2015,9,September,3
208,2015-09-05,2015,9,September,3
209,2015-09-25,2015,9,September,3
210,2015-09-02,2015,9,September,3
211,2015-09-23,2015,9,September,3
212,2015-09-03,2015,9,September,3
213,2015-09-10,2015,9,September,3
214,2015-09-16,2015,9,September,3
215,2015-09-11,2015,9,September,3
216,2015-09-15,2015,9,September,3
217,2015-09-06,2015,9,September,3
218,2015-10-20,2015,10,October,4
219,2015-10-12,2015,10,October,4
220,2015-10-22,2015,10,October,4
221,2015-10-06,2015,10,October,4
222,2015-10-29,2015,10,October,4
223,2015-10-07,2015,10,October,4
224,2015-10-13,2015,10,October,4
225,2015-10-03,2015,10,October,4
226,2015-10-19,2015,10,October,4
227,2015-10-21,2015,10,October,4
228,2015-10-18,2015,10,October,4
229,2015-10-31,2015,10,October,4
230,2015-10-24,2015,10,October,4
231,2015-10-15,2015,10,October,4
232,2015-10-04,2015,10,October,4
233,2015-10-02,2015,10,October,4
234,2015-10-11,2015,10,October,4
235,2015-10-28,2015,10,October,4
236,2015-10-26,2015,10,October,4
237,2015-10-10,2015,10,October,4
238,2015-10-14,2015,10,October,4
239,2015-10-16,2015,10,October,4
240,2015-10-05,2015,10,October,4
241,2015-10-25,2015,10,October,4
242,2015-10-17,2015,10,October,4
243,2015-10-09,2015,10,October,4
244,2015-10-08,2015,10,October,4
245,2015-10-01,2015,10,October,4
246,2015-10-27,2015,10,October,4
247,2015-11-11,2015,11,November,4
248,2015-11-26,2015,11,November,4
249,2015-11-19,2015,11,November,4
250,2015-11-04,2015,11,November,4
251,2015-11-24,2015,11,November,4
252,2015-11-09,2015,11,November,4
253,2015-11-01,2015,11,November,4
254,2015-11-27,2015,11,November,4
255,2015-11-29,2015,11,November,4
256,2015-11-23,2015,11,November,4
257,2015-11-12,2015,11,November,4
258,2015-11-25,2015,11,November,4
259,2015-11-15,2015,11,November,4
260,2015-11-17,2015,11,November,4
261,2015-11-28,2015,11,November,4
262,2015-11-14,2015,11,November,4
263,2015-11-18,2015,11,November,4
264,2015-11-22,2015,11,November,4
265,2015-11-07,2015,11,November,4
266,2015-11-10,2015,11,November,4
267,2015-11-21,2015,11,November,4
268,2015-11-16,2015,11,November,4
269,2015-11-03,2015,11,November,4
270,2015-11-30,2015,11,November,4
271,2015-11-02,2015,11,November,4
272,2015-11-08,2015,11,November,4
273,2015-11-05,2015,11,November,4
274,2015-11-20,2015,11,November,4
275,2015-12-05,2015,12,December,4
276,2015-12-26,2015,12,December,4
277,2015-12-30,2015,12,December,4
278,2015-12-28,2015,12,December,4
279,2015-12-24,2015,12,December,4
280,2015-12-19,2015,12,December,4
281,2015-12-02,2015,12,December,4
282,2015-12-29,2015,12,December,4
283,2015-12-10,2015,12,December,4
284,2015-12-09,2015,12,December,4
285,2015-12-20,2015,12,December,4
286,2015-12-27,2015,12,December,4
287,2015-12-12,2015,12,December,4
288,2015-12-17,2015,12,December,4
289,2015-12-31,2015,12,December,4
290,2015-12-15,2015,12,December,4
291,2015-12-01,2015,12,December,4
292,2015-12-08,2015,12,December,4
293,2015-12-14,2015,12,December,4
294,2015-12-03,2015,12,December,4
295,2015-12-13,2015,12,December,4
296,2015-12-16,2015,12,December,4
297,2015-12-04,2015,12,December,4
298,2015-12-06,2015,12,December,4
299,2015-12-23,2015,12,December,4
300,2015-12-07,2015,12,December,4
301,2015-12-21,2015,12,December,4
302,2015-12-22,2015,12,December,4
303,2016-01-31,2016,1,January,1
304,2016-01-02,2016,1,January,1
305,2016-01-17,2016,1,January,1
306,2016-01-10,2016,1,January,1
307,2016-01-30,2016,1,January,1
308,2016-01-23,2016,1,January,1
309,2016-01-27,2016,1,January,1
310,2016-01-03,2016,1,January,1
311,2016-01-05,2016,1,January,1
312,2016-01-13,2016,1,January,1
313,2016-01-12,2016,1,January,1
314,2016-01-04,2016,1,January,1
315,2016-01-19,2016,1,January,1
316,2016-01-09,2016,1,January,1
317,2016-01-06,2016,1,January,1
318,2016-01-24,2016,1,January,1
319,2016-01-26,2016,1,January,1
320,2016-01-28,2016,1,January,1
321,2016-02-09,2016,2,February,1
322,2016-02-28,2016,2,February,1
323,2016-02-08,2016,2,February,1
324,2016-02-03,2016,2,February,1
325,2016-02-06,2016,2,February,1
326,2016-02-15,2016,2,February,1
327,2016-02-20,2016,2,February,1
328,2016-02-21,2016,2,February,1
329,2016-02-27,2016,2,February,1
330,2016-02-22,2016,2,February,1
331,2016-02-18,2016,2,February,1
332,2016-02-14,2016,2,February,1
333,2016-02-25,2016,2,February,1
334,2016-02-07,2016,2,February,1
335,2016-02-16,2016,2,February,1
336,2016-02-10,2016,2,February,1
337,2016-02-23,2016,2,February,1
338,2016-03-02,2016,3,March,1
339,2016-03-16,2016,3,March,1
340,2016-03-22,2016,3,March,1
341,2016-03-28,2016,3,March,1
342,2016-03-20,2016,3,March,1
343,2016-03-10,2016,3,March,1
344,2016-03-29,2016,3,March,1
345,2016-03-23,2016,3,March,1
346,2016-03-26,2016,3,March,1
347,2016-03-19,2016,3,March,1
348,2016-03-24,2016,3,March,1
349,2016-03-05,2016,3,March,1
350,2016-03-13,2016,3,March,1
351,2016-03-06,2016,3,March,1
352,2016-03-17,2016,3,March,1
353,2016-03-01,2016,3,March,1
354,2016-03-12,2016,3,March,1
355,2016-03-08,2016,3,March,1
356,2016-03-14,2016,3,March,1
357,2016-03-09,2016,3,March,1
358,2016-03-15,2016,3,March,1
359,2016-03-31,2016,3,March,1
360,2016-03-27,2016,3,March,1
361,2016-03-07,2016,3,March,1
362,2016-03-30,2016,3,March,1
363,2016-03-21,2016,3,March,1
364,2016-04-18,2016,4,April,2
365,2016-04-30,2016,4,April,2
366,2016-04-26,2016,4,April,2
367,2016-04-05,2016,4,April,2
368,2016-04-28,2016,4,April,2
369,2016-04-09,2016,4,April,2
370,2016-04-25,2016,4,April,2
371,2016-04-11,2016,4,April,2
372,2016-04-27,2016,4,April,2
373,2016-04-04,2016,4,April,2
374,2016-04-16,2016,4,April,2
375,2016-04-13,2016,4,April,2
376,2016-04-20,2016,4,April,2
377,2016-04-06,2016,4,April,2
378,2016-04-17,2016,4,April,2
379,2016-04-02,2016,4,April,2
380,2016-04-10,2016,4,April,2
381,2016-04-24,2016,4,April,2
382,2016-04-07,2016,4,April,2
383,2016-04-29,2016,4,April,2
384,2016-04-19,2016,4,April,2
385,2016-04-22,2016,4,April,2
386,2016-04-21,2016,4,April,2
387,2016-04-14,2016,4,April,2
388,2016-05-31,2016,5,May,2
389,2016-05-28,2016,5,May,2
390,2016-05-04,2016,5,May,2
391,2016-05-14,2016,5,May,2
392,2016-05-23,2016,5,May,2
393,2016-05-29,2016,5,May,2
394,2016-05-08,2016,5,May,2
395,2016-05-25,2016,5,May,2
396,2016-05-01,2016,5,May,2
397,2016-05-16,2016,5,May,2
398,2016-05-12,2016,5,May,2
399,2016-05-07,2016,5,May,2
400,2016-05-03,2016,5,May,2
401,2016-05-02,2016,5,May,2
402,2016-05-17,2016,5,May,2
403,2016-05-26,2016,5,May,2
404,2016-05-21,2016,5,May,2
405,2016-05-30,2016,5,May,2
406,2016-05-15,2016,5,May,2
407,2016-05-20,2016,5,May,2
408,2016-05-24,2016,5,May,2
409,2016-05-13,2016,5,May,2
410,2016-05-22,2016,5,May,2
411,2016-05-10,2016,5,May,2
412,2016-05-18,2016,5,May,2
413,2016-05-11,2016,5,May,2
414,2016-05-09,2016,5,May,2
415,2016-06-22,2016,6,June,2
416,2016-06-26,2016,6,June,2
417,2016-06-16,2016,6,June,2
418,2016-06-13,2016,6,June,2
419,2016-06-14,2016,6,June,2
420,2016-06-23,2016,6,June,2
421,2016-06-04,2016,6,June,2
422,2016-06-25,2016,6,June,2
423,2016-06-18,2016,6,June,2
424,2016-06-29,2016,6,June,2
425,2016-06-07,2016,6,June,2
426,2016-06-20,2016,6,June,2
427,2016-06-12,2016,6,June,2
428,2016-06-11,2016,6,June,2
429,2016-06-15,2016,6,June,2
430,2016-06-01,2016,6,June,2
431,2016-06-19,2016,6,June,2
432,2016-06-09,2016,6,June,2
433,2016-06-21,2016,6,June,2
434,2016-06-05,2016,6,June,2
435,2016-06-28,2016,6,June,2
436,2016-06-08,2016,6,June,2
437,2016-07-30,2016,7,July,3
438,2016-07-03,2016,7,July,3
439,2016-07-26,2016,7,July,3
440,2016-07-31,2016,7,July,3
441,2016-07-06,2016,7,July,3
442,2016-07-25,2016,7,July,3
443,2016-07-04,2016,7,July,3
444,2016-07-19,2016,7,July,3
445,2016-07-13,2016,7,July,3
446,2016-07-09,2016,7,July,3
447,2016-07-20,2016,7,July,3
448,2016-07-11,2016,7,July,3
449,2016-07-02,2016,7,July,3
450,2016-07-16,2016,7,July,3
451,2016-07-05,2016,7,July,3
452,2016-07-17,2016,7,July,3
453,2016-07-10,2016,7,July,3
454,2016-07-23,2016,7,July,3
455,2016-07-08,2016,7,July,3
456,2016-07-12,2016,7,July,3
457,2016-07-18,2016,7,July,3
458,2016-07-27,2016,7,July,3
459,2016-07-24,2016,7,July,3
460,2016-07-14,2016,7,July,3
461,2016-08-09,2016,8,August,3
462,2016-08-24,2016,8,August,3
463,2016-08-31,2016,8,August,3
464,2016-08-21,2016,8,August,3
465,2016-08-27,2016,8,August,3
466,2016-08-22,2016,8,August,3
467,2016-08-17,2016,8,August,3
468,2016-08-01,2016,8,August,3
469,2016-08-10,2016,8,August,3
470,2016-08-06,2016,8,August,3
471,2016-08-16,2016,8,August,3
472,2016-08-15,2016,8,August,3
473,2016-08-25,2016,8,August,3
474,2016-08-08,2016,8,August,3
475,2016-08-28,2016,8,August,3
476,2016-08-23,2016,8,August,3
477,2016-08-13,2016,8,August,3
478,2016-08-07,2016,8,August,3
479,2016-08-02,2016,8,August,3
480,2016-08-11,2016,8,August,3
481,2016-08-05,2016,8,August,3
482,2016-08-29,2016,8,August,3
483,2016-09-25,2016,9,September,3
484,2016-09-17,2016,9,September,3
485,2016-09-03,2016,9,September,3
486,2016-09-07,2016,9,September,3
487,2016-09-26,2016,9,September,3
488,2016-09-01,2016,9,September,3
489,2016-09-18,2016,9,September,3
490,2016-09-10,2016,9,September,3
491,2016-09-22,2016,9,September,3
492,2016-09-04,2016,9,September,3
493,2016-09-15,2016,9,September,3
494,2016-09-19,2016,9,September,3
495,2016-09-14,2016,9,September,3
496,2016-09-21,2016,9,September,3
497,2016-09-24,2016,9,September,3
498,2016-09-05,2016,9,September,3
499,2016-09-06,2016,9,September,3
500,2016-09-28,2016,9,September,3
501,2016-09-12,2016,9,September,3
502,2016-09-11,2016,9,September,3
503,2016-09-27,2016,9,September,3
504,2016-09-08,2016,9,September,3
505,2016-09-13,2016,9,September,3
506,2016-09-20,2016,9,September,3
507,2016-09-16,2016,9,September,3
508,2016-10-11,2016,10,October,4
509,2016-10-15,2016,10,October,4
510,2016-10-12,2016,10,October,4
511,2016-10-31,2016,10,October,4
512,2016-10-04,2016,10,October,4
513,2016-10-03,2016,10,October,4
514,2016-10-13,2016,10,October,4
515,2016-10-19,2016,10,October,4
516,2016-10-09,2016,10,October,4
517,2016-10-05,2016,10,October,4
518,2016-10-28,2016,10,October,4
519,2016-10-22,2016,10,October,4
520,2016-10-01,2016,10,October,4
521,2016-10-30,2016,10,October,4
522,2016-10-02,2016,10,October,4
523,2016-10-26,2016,10,October,4
524,2016-10-17,2016,10,October,4
525,2016-10-23,2016,10,October,4
526,2016-10-25,2016,10,October,4
527,2016-10-10,2016,10,October,4
528,2016-10-24,2016,10,October,4
529,2016-10-08,2016,10,October,4
530,2016-10-18,2016,10,October,4
531,2016-10-29,2016,10,October,4
532,2016-10-16,2016,10,October,4
533,2016-10-20,2016,10,October,4
534,2016-11-22,2016,11,November,4
535,2016-11-24,2016,11,November,4
536,2016-11-13,2016,11,November,4
537,2016-11-21,2016,11,November,4
538,2016-11-28,2016,11,November,4
539,2016-11-10,2016,11,November,4
540,2016-11-02,2016,11,November,4
541,2016-11-27,2016,11,November,4
542,2016-11-07,2016,11,November,4
543,2016-11-15,2016,11,November,4
544,2016-11-29,2016,11,November,4
545,2016-11-20,2016,11,November,4
546,2016-11-06,2016,11,November,4
547,2016-11-03,2016,11,November,4
548,2016-11-23,2016,11,November,4
549,2016-11-09,2016,11,November,4
550,2016-11-16,2016,11,November,4
551,2016-11-01,2016,11,November,4
552,2016-11-05,2016,11,November,4
553,2016-11-08,2016,11,November,4
554,2016-11-26,2016,11,November,4
555,2016-11-25,2016,11,November,4
556,2016-11-30,2016,11,November,4
557,2016-11-14,2016,11,November,4
558,2016-11-12,2016,11,November,4
559,2016-11-19,2016,11,November,4
560,2016-11-17,2016,11,November,4
561,2016-11-11,2016,11,November,4
562,2016-12-27,2016,12,December,4
563,2016-12-28,2016,12,December,4
564,2016-12-15,2016,12,December,4
565,2016-12-24,2016,12,December,4
566,2016-12-20,2016,12,December,4
567,2016-12-03,2016,12,December,4
568,2016-12-26,2016,12,December,4
569,2016-12-07,2016,12,December,4
570,2016-12-18,2016,12,December,4
571,2016-12-12,2016,12,December,4
572,2016-12-13,2016,12,December,4
573,2016-12-09,2016,12,December,4
574,2016-12-21,2016,12,December,4
575,2016-12-06,2016,12,December,4
576,2016-12-01,2016,12,December,4
577,2016-12-19,2016,12,December,4
578,2016-12-11,2016,12,December,4
579,2016-12-08,2016,12,December,4
580,2016-12-31,2016,12,December,4
581,2016-12-14,2016,12,December,4
582,2016-12-23,2016,12,December,4
583,2016-12-25,2016,12,December,4
584,2016-12-04,2016,12,December,4
585,2016-12-10,2016,12,December,4
586,2016-12-05,2016,12,December,4
587,2016-12-22,2016,12,December,4
588,2016-12-17,2016,12,December,4
589,2016-12-30,2016,12,December,4
590,2016-12-16,2016,12,December,4
591,2017-01-16,2017,1,January,1
592,2017-01-22,2017,1,January,1
593,2017-01-05,2017,1,January,1
594,2017-01-17,2017,1,January,1
595,2017-01-11,2017,1,January,1
596,2017-01-07,2017,1,January,1
597,2017-01-21,2017,1,January,1
598,2017-01-15,2017,1,January,1
599,2017-01-30,2017,1,January,1
600,2017-01-04,2017,1,January,1
601,2017-01-03,2017,1,January,1
602,2017-01-09,2017,1,January,1
603,2017-01-25,2017,1,January,1
604,2017-01-24,2017,1,January,1
605,2017-01-10,2017,1,January,1
606,2017-01-02,2017,1,January,1
607,2017-01-31,2017,1,January,1
608,2017-01-08,2017,1,January,1
609,2017-01-14,2017,1,January,1
610,2017-01-23,2017,1,January,1
611,2017-01-28,2017,1,January,1
612,2017-02-13,2017,2,February,1
613,2017-02-19,2017,2,February,1
614,2017-02-15,2017,2,February,1
615,2017-02-05,2017,2,February,1
616,2017-02-27,2017,2,February,1
617,2017-02-07,2017,2,February,1
618,2017-02-11,2017,2,February,1
619,2017-02-16,2017,2,February,1
620,2017-02-08,2017,2,February,1
621,2017-02-22,2017,2,February,1
622,2017-02-25,2017,2,February,1
623,2017-02-21,2017,2,February,1
624,2017-02-01,2017,2,February,1
625,2017-02-20,2017,2,February,1
626,2017-02-28,2017,2,February,1
627,2017-02-02,2017,2,February,1
628,2017-02-03,2017,2,February,1
629,2017-02-06,2017,2,February,1
630,2017-02-04,2017,2,February,1
631,2017-02-23,2017,2,February,1
632,2017-02-12,2017,2,February,1
633,2017-02-14,2017,2,February,1
634,2017-02-09,2017,2,February,1
635,2017-03-11,2017,3,March,1
636,2017-03-13,2017,3,March,1
637,2017-03-18,2017,3,March,1
638,2017-03-20,2017,3,March,1
639,2017-03-26,2017,3,March,1
640,2017-03-12,2017,3,March,1
641,2017-03-07,2017,3,March,1
642,2017-03-05,2017,3,March,1
643,2017-03-08,2017,3,March,1
644,2017-03-01,2017,3,March,1
645,2017-03-30,2017,3,March,1
646,2017-03-28,2017,3,March,1
647,2017-03-15,2017,3,March,1
648,2017-03-22,2017,3,March,1
649,2017-03-14,2017,3,March,1
650,2017-03-10,2017,3,March,1
651,2017-03-19,2017,3,March,1
652,2017-03-17,2017,3,March,1
653,2017-03-04,2017,3,March,1
654,2017-03-24,2017,3,March,1
655,2017-03-03,2017,3,March,1
656,2017-03-21,2017,3,March,1
657,2017-03-25,2017,3,March,1
658,2017-03-29,2017,3,March,1
659,2017-03-31,2017,3,March,1
660,2017-03-09,2017,3,March,1
661,2017-03-06,2017,3,March,1
662,2017-03-27,2017,3,March,1
663,2017-04-05,2017,4,April,2
664,2017-04-23,2017,4,April,2
665,2017-04-25,2017,4,April,2
666,2017-04-08,2017,4,April,2
667,2017-04-14,2017,4,April,2
668,2017-04-15,2017,4,April,2
669,2017-04-01,2017,4,April,2
670,2017-04-22,2017,4,April,2
671,2017-04-28,2017,4,April,2
672,2017-04-07,2017,4,April,2
673,2017-04-10,2017,4,April,2
674,2017-04-12,2017,4,April,2
675,2017-04-24,2017,4,April,2
676,2017-04-21,2017,4,April,2
677,2017-04-19,2017,4,April,2
678,2017-04-09,2017,4,April,2
679,2017-04-30,2017,4,April,2
680,2017-04-18,2017,4,April,2
681,2017-04-17,2017,4,April,2
682,2017-04-16,2017,4,April,2
683,2017-04-04,2017,4,April,2
684,2017-04-26,2017,4,April,2
685,2017-04-03,2017,4,April,2
686,2017-04-13,2017,4,April,2
687,2017-04-02,2017,4,April,2
688,2017-04-06,2017,4,April,2
689,2017-05-11,2017,5,May,2
690,2017-05-09,2017,5,May,2
691,2017-05-30,2017,5,May,2
692,2017-05-21,2017,5,May,2
693,2017-05-29,2017,5,May,2
694,2017-05-20,2017,5,May,2
695,2017-05-19,2017,5,May,2
696,2017-05-28,2017,5,May,2
697,2017-05-26,2017,5,May,2
698,2017-05-02,2017,5,May,2
699,2017-05-23,2017,5,May,2
700,2017-05-16,2017,5,May,2
701,2017-05-05,2017,5,May,2
702,2017-05-12,2017,5,May,2
703,2017-05-08,2017,5,May,2
704,2017-05-18,2017,5,May,2
705,2017-05-17,2017,5,May,2
706,2017-05-15,2017,5,May,2
707,2017-05-14,2017,5,May,2
708,2017-05-07,2017,5,May,2
709,2017-05-06,2017,5,May,2
710,2017-05-22,2017,5,May,2
711,2017-05-01,2017,5,May,2
712,2017-05-25,2017,5,May,2
713,2017-05-03,2017,5,May,2
714,2017-05-24,2017,5,May,2
715,2017-05-27,2017,5,May,2
716,2017-05-10,2017,5,May,2
717,2017-05-31,2017,5,May,2
718,2017-06-12,2017,6,June,2
719,2017-06-20,2017,6,June,2
720,2017-06-17,2017,6,June,2
721,2017-06-04,2017,6,June,2
722,2017-06-06,2017,6,June,2
723,2017-06-26,2017,6,June,2
724,2017-06-10,2017,6,June,2
725,2017-06-19,2017,6,June,2
726,2017-06-14,2017,6,June,2
727,2017-06-05,2017,6,June,2
728,2017-06-29,2017,6,June,2
729,2017-06-09,2017,6,June,2
730,2017-06-23,2017,6,June,2
731,2017-06-25,2017,6,June,2
732,2017-06-11,2017,6,June,2
733,2017-06-02,2017,6,June,2
734,2017-06-27,2017,6,June,2
735,2017-06-07,2017,6,June,2
736,2017-06-24,2017,6,June,2
737,2017-06-13,2017,6,June,2
738,2017-06-28,2017,6,June,2
739,2017-06-16,2017,6,June,2
740,2017-06-21,2017,6,June,2
741,2017-06-15,2017,6,June,2
742,2017-06-18,2017,6,June,2
743,2017-06-30,2017,6,June,2
744,2017-07-17,2017,7,July,3
745,2017-07-16,2017,7,July,3
746,2017-07-12,2017,7,July,3
747,2017-07-25,2017,7,July,3
748,2017-07-10,2017,7,July,3
749,2017-07-14,2017,7,July,3
750,2017-07-07,2017,7,July,3
751,2017-07-23,2017,7,July,3
752,2017-07-22,2017,7,July,3
753,2017-07-02,2017,7,July,3
754,2017-07-18,2017,7,July,3
755,2017-07-09,2017,7,July,3
756,2017-07-08,2017,7,July,3
757,2017-07-21,2017,7,July,3
758,2017-07-30,2017,7,July,3
759,2017-07-15,2017,7,July,3
760,2017-07-29,2017,7,July,3
761,2017-07-03,2017,7,July,3
762,2017-07-01,2017,7,July,3
763,2017-07-04,2017,7,July,3
764,2017-07-31,2017,7,July,3
765,2017-07-28,2017,7,July,3
766,2017-07-19,2017,7,July,3
767,2017-07-24,2017,7,July,3
768,2017-07-20,2017,7,July,3
769,2017-08-29,2017,8,August,3
770,2017-08-30,2017,8,August,3
771,2017-08-15,2017,8,August,3
772,2017-08-22,2017,8,August,3
773,2017-08-27,2017,8,August,3
774,2017-08-18,2017,8,August,3
775,2017-08-26,2017,8,August,3
776,2017-08-12,2017,8,August,3
777,2017-08-13,2017,8,August,3
778,2017-08-04,2017,8,August,3
779,2017-08-08,2017,8,August,3
780,2017-08-20,2017,8,August,3
781,2017-08-16,2017,8,August,3
782,2017-08-28,2017,8,August,3
783,2017-08-23,2017,8,August,3
784,2017-08-17,2017,8,August,3
785,2017-08-06,2017,8,August,3
786,2017-08-09,2017,8,August,3
787,2017-08-02,2017,8,August,3
788,2017-08-21,2017,8,August,3
789,2017-08-14,2017,8,August,3
790,2017-08-31,2017,8,August,3
791,2017-08-03,2017,8,August,3
792,2017-08-07,2017,8,August,3
793,2017-08-19,2017,8,August,3
794,2017-08-01,2017,8,August,3
795,2017-08-11,2017,8,August,3
796,2017-08-05,2017,8,August,3
797,2017-09-18,2017,9,September,3
798,2017-09-17,2017,9,September,3
799,2017-09-06,2017,9,September,3
800,2017-09-05,2017,9,September,3
801,2017-09-11,2017,9,September,3
802,2017-09-12,2017,9,September,3
803,2017-09-01,2017,9,September,3
804,2017-09-28,2017,9,September,3
805,2017-09-08,2017,9,September,3
806,2017-09-26,2017,9,September,3
807,2017-09-19,2017,9,September,3
808,2017-09-15,2017,9,September,3
809,2017-09-29,2017,9,September,3
810,2017-09-03,2017,9,September,3
811,2017-09-09,2017,9,September,3
812,2017-09-24,2017,9,September,3
813,2017-09-02,2017,9,September,3
814,2017-09-25,2017,9,September,3
815,2017-09-10,2017,9,September,3
816,2017-09-23,2017,9,September,3
817,2017-09-27,2017,9,September,3
818,2017-09-14,2017,9,September,3
819,2017-09-20,2017,9,September,3
820,2017-09-22,2017,9,September,3
821,2017-09-04,2017,9,September,3
822,2017-09-30,2017,9,September,3
823,2017-09-16,2017,9,September,3
824,2017-09-13,2017,9,September,3
825,2017-10-13,2017,10,October,4
826,2017-10-28,2017,10,October,4
827,2017-10-21,2017,10,October,4
828,2017-10-27,2017,10,October,4
829,2017-10-20,2017,10,October,4
830,2017-10-23,2017,10,October,4
831,2017-10-22,2017,10,October,4
832,2017-10-03,2017,10,October,4
833,2017-10-01,2017,10,October,4
834,2017-10-14,2017,10,October,4
835,2017-10-17,2017,10,October,4
836,2017-10-29,2017,10,October,4
837,2017-10-15,2017,10,October,4
838,2017-10-31,2017,10,October,4
839,2017-10-08,2017,10,October,4
840,2017-10-09,2017,10,October,4
841,2017-10-25,2017,10,October,4
842,2017-10-18,2017,10,October,4
843,2017-10-02,2017,10,October,4
844,2017-10-30,2017,10,October,4
845,2017-10-07,2017,10,October,4
846,2017-10-04,2017,10,October,4
847,2017-10-24,2017,10,October,4
848,2017-10-06,2017,10,October,4
849,2017-10-10,2017,10,October,4
850,2017-10-16,2017,10,October,4
851,2017-10-11,2017,10,October,4
852,2017-11-08,2017,11,November,4
853,2017-11-03,2017,11,November,4
854,2017-11-06,2017,11,November,4
855,2017-11-20,2017,11,November,4
856,2017-11-16,2017,11,November,4
857,2017-11-07,2017,11,November,4
858,2017-11-28,2017,11,November,4
859,2017-11-04,2017,11,November,4
860,2017-11-19,2017,11,November,4
861,2017-11-10,2017,11,November,4
862,2017-11-13,2017,11,November,4
863,2017-11-24,2017,11,November,4
864,2017-11-12,2017,11,November,4
865,2017-11-22,2017,11,November,4
866,2017-11-01,2017,11,November,4
867,2017-11-26,2017,11,November,4
868,2017-11-27,2017,11,November,4
869,2017-11-11,2017,11,November,4
870,2017-11-15,2017,11,November,4
871,2017-11-14,2017,11,November,4
872,2017-11-05,2017,11,November,4
873,2017-11-18,2017,11,November,4
874,2017-11-23,2017,11,November,4
875,2017-11-21,2017,11,November,4
876,2017-11-25,2017,11,November,4
877,2017-11-30,2017,11,November,4
878,2017-11-29,2017,11,November,4
879,2017-11-17,2017,11,November,4
880,2017-11-09,2017,11,November,4
881,2017-12-05,2017,12,December,4
882,2017-12-09,2017,12,December,4
883,2017-12-08,2017,12,December,4
884,2017-12-11,2017,12,December,4
885,2017-12-01,2017,12,December,4
886,2017-12-10,2017,12,December,4
887,2017-12-18,2017,12,December,4
888,2017-12-13,2017,12,December,4
889,2017-12-16,2017,12,December,4
890,2017-12-15,2017,12,December,4
891,2017-12-03,2017,12,December,4
892,2017-12-06,2017,12,December,4
893,2017-12-31,2017,12,December,4
894,2017-12-04,2017,12,December,4
895,2017-12-24,2017,12,December,4
896,2017-12-23,2017,12,December,4
897,2017-12-26,2017,12,December,4
898,2017-12-02,2017,12,December,4
899,2017-12-25,2017,12,December,4
900,2017-12-22,2017,12,December,4
901,2017-12-29,2017,12,December,4
902,2017-12-27,2017,12,December,4
903,2017-12-14,2017,12,December,4
904,2017-12-20,2017,12,December,4
905,2017-12-17,2017,12,December,4
906,2017-12-12,2017,12,December,4
907,2017-12-30,2017,12,December,4
908,2017-12-19,2017,12,December,4
909,2018-01-20,2018,1,January,1
910,2018-01-22,2018,1,January,1
911,2018-01-23,2018,1,January,1
912,2018-01-21,2018,1,January,1
913,2018-01-30,2018,1,January,1
914,2018-01-01,2018,1,January,1
915,2018-01-07,2018,1,January,1
916,2018-01-14,2018,1,January,1
917,2018-01-02,2018,1,January,1
918,2018-01-28,2018,1,January,1
919,2018-01-12,2018,1,January,1
920,2018-01-19,2018,1,January,1
921,2018-01-27,2018,1,January,1
922,2018-01-08,2018,1,January,1
923,2018-01-24,2018,1,January,1
924,2018-01-15,2018,1,January,1
925,2018-01-26,2018,1,January,1
926,2018-01-29,2018,1,January,1
927,2018-01-06,2018,1,January,1
928,2018-01-03,2018,1,January,1
929,2018-01-16,2018,1,January,1
930,2018-01-13,2018,1,January,1
931,2018-01-09,2018,1,January,1
932,2018-02-02,2018,2,February,1
933,2018-02-20,2018,2,February,1
934,2018-02-26,2018,2,February,1
935,2018-02-03,2018,2,February,1
936,2018-02-11,2018,2,February,1
937,2018-02-10,2018,2,February,1
938,2018-02-19,2018,2,February,1
939,2018-02-24,2018,2,February,1
940,2018-02-23,2018,2,February,1
941,2018-02-06,2018,2,February,1
942,2018-02-13,2018,2,February,1
943,2018-02-09,2018,2,February,1
944,2018-02-25,2018,2,February,1
945,2018-02-16,2018,2,February,1
946,2018-02-17,2018,2,February,1
947,2018-02-18,2018,2,February,1
948,2018-02-05,2018,2,February,1
949,2018-02-04,2018,2,February,1
950,2018-02-21,2018,2,February,1
951,2018-02-28,2018,2,February,1
952,2018-03-08,2018,3,March,1
953,2018-03-04,2018,3,March,1
954,2018-03-20,2018,3,March,1
955,2018-03-31,2018,3,March,1
956,2018-03-18,2018,3,March,1
957,2018-03-17,2018,3,March,1
958,2018-03-10,2018,3,March,1
959,2018-03-03,2018,3,March,1
960,2018-03-07,2018,3,March,1
961,2018-03-19,2018,3,March,1
962,2018-03-02,2018,3,March,1
963,2018-03-26,2018,3,March,1
964,2018-03-25,2018,3,March,1
965,2018-03-28,2018,3,March,1
966,2018-03-09,2018,3,March,1
967,2018-03-16,2018,3,March,1
968,2018-03-24,2018,3,March,1
969,2018-03-13,2018,3,March,1
970,2018-03-21,2018,3,March,1
971,2018-03-23,2018,3,March,1
972,2018-03-11,2018,3,March,1
973,2018-03-12,2018,3,March,1
974,2018-03-06,2018,3,March,1
975,2018-03-05,2018,3,March,1
976,2018-03-30,2018,3,March,1
977,2018-03-27,2018,3,March,1
978,2018-03-29,2018,3,March,1
979,2018-03-14,2018,3,March,1
980,2018-04-15,2018,4,April,2
981,2018-04-21,2018,4,April,2
982,2018-04-07,2018,4,April,2
983,2018-04-22,2018,4,April,2
984,2018-04-10,2018,4,April,2
985,2018-04-14,2018,4,April,2
986,2018-04-03,2018,4,April,2
987,2018-04-09,2018,4,April,2
988,2018-04-02,2018,4,April,2
989,2018-04-26,2018,4,April,2
990,2018-04-12,2018,4,April,2
991,2018-04-30,2018,4,April,2
992,2018-04-16,2018,4,April,2
993,2018-04-24,2018,4,April,2
994,2018-04-29,2018,4,April,2
995,2018-04-11,2018,4,April,2
996,2018-04-13,2018,4,April,2
997,2018-04-20,2018,4,April,2
998,2018-04-01,2018,4,April,2
999,2018-04-23,2018,4,April,2
1000,2018-04-08,2018,4,April,2
1001,2018-04-17,2018,4,April,2
1002,2018-04-27,2018,4,April,2
1003,2018-04-25,2018,4,April,2
1004,2018-04-28,2018,4,April,2
1005,2018-04-04,2018,4,April,2
1006,2018-04-06,2018,4,April,2
1007,2018-05-28,2018,5,May,2
1008,2018-05-29,2018,5,May,2
1009,2018-05-19,2018,5,May,2
1010,2018-05-14,2018,5,May,2
1011,2018-05-15,2018,5,May,2
1012,2018-05-21,2018,5,May,2
1013,2018-05-04,2018,5,May,2
1014,2018-05-08,2018,5,May,2
1015,2018-05-12,2018,5,May,2
1016,2018-05-06,2018,5,May,2
1017,2018-05-13,2018,5,May,2
1018,2018-05-02,2018,5,May,2
1019,2018-05-18,2018,5,May,2
1020,2018-05-27,2018,5,May,2
1021,2018-05-03,2018,5,May,2
1022,2018-05-07,2018,5,May,2
1023,2018-05-01,2018,5,May,2
1024,2018-05-16,2018,5,May,2
1025,2018-05-11,2018,5,May,2
1026,2018-05-20,2018,5,May,2
1027,2018-05-23,2018,5,May,2
1028,2018-05-05,2018,5,May,2
1029,2018-05-22,2018,5,May,2
1030,2018-05-30,2018,5,May,2
1031,2018-05-25,2018,5,May,2
1032,2018-05-26,2018,5,May,2
1033,2018-05-09,2018,5,May,2
1034,2018-06-17,2018,6,June,2
1035,2018-06-24,2018,6,June,2
1036,2018-06-03,2018,6,June,2
1037,2018-06-08,2018,6,June,2
1038,2018-06-16,2018,6,June,2
1039,2018-06-15,2018,6,June,2
1040,2018-06-30,2018,6,June,2
1041,2018-06-10,2018,6,June,2
1042,2018-06-29,2018,6,June,2
1043,2018-06-19,2018,6,June,2
1044,2018-06-09,2018,6,June,2
1045,2018-06-20,2018,6,June,2
1046,2018-06-26,2018,6,June,2
1047,2018-06-04,2018,6,June,2
1048,2018-06-02,2018,6,June,2
1049,2018-06-13,2018,6,June,2
1050,2018-06-12,2018,6,June,2
1051,2018-06-11,2018,6,June,2
1052,2018-06-21,2018,6,June,2
1053,2018-06-25,2018,6,June,2
1054,2018-06-01,2018,6,June,2
1055,2018-06-22,2018,6,June,2
1056,2018-06-27,2018,6,June,2
1057,2018-06-06,2018,6,June,2
1058,2018-06-05,2018,6,June,2
1059,2018-06-18,2018,6,June,2
1060,2018-07-16,2018,7,July,3
1061,2018-07-06,2018,7,July,3
1062,2018-07-08,2018,7,July,3
1063,2018-07-20,2018,7,July,3
1064,2018-07-30,2018,7,July,3
1065,2018-07-21,2018,7,July,3
1066,2018-07-23,2018,7,July,3
1067,2018-07-09,2018,7,July,3
1068,2018-07-07,2018,7,July,3
1069,2018-07-03,2018,7,July,3
1070,2018-07-11,2018,7,July,3
1071,2018-07-29,2018,7,July,3
1072,2018-07-15,2018,7,July,3
1073,2018-07-28,2018,7,July,3
1074,2018-07-31,2018,7,July,3
1075,2018-07-17,2018,7,July,3
1076,2018-07-25,2018,7,July,3
1077,2018-07-10,2018,7,July,3
1078,2018-07-22,2018,7,July,3
1079,2018-07-01,2018,7,July,3
1080,2018-07-18,2018,7,July,3
1081,2018-07-27,2018,7,July,3
1082,2018-07-05,2018,7,July,3
1083,2018-07-13,2018,7,July,3
1084,2018-07-24,2018,7,July,3
1085,2018-07-14,2018,7,July,3
1086,2018-07-02,2018,7,July,3
1087,2018-07-26,2018,7,July,3
1088,2018-07-12,2018,7,July,3
1089,2018-08-27,2018,8,August,3
1090,2018-08-21,2018,8,August,3
1091,2018-08-18,2018,8,August,3
1092,2018-08-25,2018,8,August,3
1093,2018-08-01,2018,8,August,3
1094,2018-08-05,2018,8,August,3
1095,2018-08-31,2018,8,August,3
1096,2018-08-17,2018,8,August,3
1097,2018-08-06,2018,8,August,3
1098,2018-08-29,2018,8,August,3
1099,2018-08-03,2018,8,August,3
1100,2018-08-20,2018,8,August,3
1101,2018-08-10,2018,8,August,3
1102,2018-08-14,2018,8,August,3
1103,2018-08-15,2018,8,August,3
1104,2018-08-28,2018,8,August,3
1105,2018-08-26,2018,8,August,3
1106,2018-08-07,2018,8,August,3
1107,2018-08-12,2018,8,August,3
1108,2018-08-13,2018,8,August,3
1109,2018-08-11,2018,8,August,3
1110,2018-08-23,2018,8,August,3
1111,2018-08-19,2018,8,August,3
1112,2018-08-04,2018,8,August,3
1113,2018-08-22,2018,8,August,3
1114,2018-08-24,2018,8,August,3
1115,2018-08-16,2018,8,August,3
1116,2018-09-10,2018,9,September,3
1117,2018-09-19,2018,9,September,3
1118,2018-09-14,2018,9,September,3
1119,2018-09-18,2018,9,September,3
1120,2018-09-16,2018,9,September,3
1121,2018-09-25,2018,9,September,3
1122,2018-09-15,2018,9,September,3
1123,2018-09-07,2018,9,September,3
1124,2018-09-03,2018,9,September,3
1125,2018-09-11,2018,9,September,3
1126,2018-09-24,2018,9,September,3
1127,2018-09-02,2018,9,September,3
1128,2018-09-21,2018,9,September,3
1129,2018-09-29,2018,9,September,3
1130,2018-09-28,2018,9,September,3
1131,2018-09-23,2018,9,September,3
1132,2018-09-09,2018,9,September,3
1133,2018-09-04,2018,9,September,3
1134,2018-09-12,2018,9,September,3
1135,2018-09-05,2018,9,September,3
1136,2018-09-08,2018,9,September,3
1137,2018-09-22,2018,9,September,3
1138,2018-09-17,2018,9,September,3
1139,2018-09-01,2018,9,September,3
1140,2018-09-26,2018,9,September,3
1141,2018-09-30,2018,9,September,3
1142,2018-09-20,2018,9,September,3
1143,2018-09-13,2018,9,September,3
1144,2018-10-19,2018,10,October,4
1145,2018-10-26,2018,10,October,4
1146,2018-10-13,2018,10,October,4
1147,2018-10-17,2018,10,October,4
1148,2018-10-01,2018,10,October,4
1149,2018-10-20,2018,10,October,4
1150,2018-10-21,2018,10,October,4
1151,2018-10-02,2018,10,October,4
1152,2018-10-14,2018,10,October,4
1153,2018-10-29,2018,10,October,4
1154,2018-10-05,2018,10,October,4
1155,2018-10-12,2018,10,October,4
1156,2018-10-23,2018,10,October,4
1157,2018-10-09,2018,10,October,4
1158,2018-10-15,2018,10,October,4
1159,2018-10-30,2018,10,October,4
1160,2018-10-16,2018,10,October,4
1161,2018-10-07,2018,10,October,4
1162,2018-10-03,2018,10,October,4
1163,2018-10-22,2018,10,October,4
1164,2018-10-06,2018,10,October,4
1165,2018-10-27,2018,10,October,4
1166,2018-10-28,2018,10,October,4
1167,2018-10-08,2018,10,October,4
1168,2018-10-04,2018,10,October,4
1169,2018-10-31,2018,10,October,4
1170,2018-10-24,2018,10,October,4
1171,2018-10-10,2018,10,October,4
1172,2018-11-13,2018,11,November,4
1173,2018-11-06,2018,11,November,4
1174,2018-11-09,2018,11,November,4
1175,2018-11-23,2018,11,November,4
1176,2018-11-05,2018,11,November,4
1177,2018-11-12,2018,11,November,4
1178,2018-11-19,2018,11,November,4
1179,2018-11-03,2018,11,November,4
1180,2018-11-26,2018,11,November,4
1181,2018-11-24,2018,11,November,4
1182,2018-11-20,2018,11,November,4
1183,2018-11-14,2018,11,November,4
1184,2018-11-04,2018,11,November,4
1185,2018-11-30,2018,11,November,4
1186,2018-11-11,2018,11,November,4
1187,2018-11-27,2018,11,November,4
1188,2018-11-28,2018,11,November,4
1189,2018-11-10,2018,11,November,4
1190,2018-11-18,2018,11,November,4
1191,2018-11-21,2018,11,November,4
1192,2018-11-07,2018,11,November,4
1193,2018-11-16,2018,11,November,4
1194,2018-11-17,2018,11,November,4
1195,2018-11-01,2018,11,November,4
1196,2018-11-02,2018,11,November,4
1197,2018-11-22,2018,11,November,4
1198,2018-11-25,2018,11,November,4
1199,2018-11-15,2018,11,November,4
1200,2018-11-29,2018,11,November,4
1201,2018-11-08,2018,11,November,4
1202,2018-12-09,2018,12,December,4
1203,2018-12-25,2018,12,December,4
1204,2018-12-22,2018,12,December,4
1205,2018-12-17,2018,12,December,4
1206,2018-12-01,2018,12,December,4
1207,2018-12-28,2018,12,December,4
1208,2018-12-11,2018,12,December,4
1209,2018-12-24,2018,12,December,4
1210,2018-12-08,2018,12,December,4
1211,2018-12-21,2018,12,December,4
1212,2018-12-07,2018,12,December,4
1213,2018-12-30,2018,12,December,4
1214,2018-12-05,2018,12,December,4
1215,2018-12-23,2018,12,December,4
1216,2018-12-26,2018,12,December,4
1217,2018-12-10,2018,12,December,4
1218,2018-12-18,2018,12,December,4
1219,2018-12-19,2018,12,December,4
1220,2018-12-02,2018,12,December,4
1221,2018-12-29,2018,12,December,4
1222,2018-12-20,2018,12,December,4
1223,2018-12-03,2018,12,December,4
1224,2018-12-27,2018,12,December,4
1225,2018-12-04,2018,12,December,4
1226,2018-12-14,2018,12,December,4
1227,2018-12-16,2018,12,December,4
1228,2018-12-15,2018,12,December,4
1229,2018-12-13,2018,12,December,4
1230,2018-12-06,2018,12,December,4
